Alex,30,Weight Loss,Weekly diet plan for weight loss,"Hey Alex,

It's great you're focusing on your health and weight loss!  A low-carb diet can be very effective, especially combined with a focus on whole foods.  Since you're sedentary, we'll aim for a moderate calorie deficit to support healthy weight loss. Remember, sustainable weight loss is about gradual changes, not drastic measures.  Let's create a plan that works for you!

**Important Note:** This is a sample plan. Individual calorie needs vary, and it's always best to consult a doctor or registered dietitian before starting any significant diet change, especially with pre-existing conditions or allergies.  They can help tailor a plan perfectly for you.

**Your Calorie Goal (Estimate):**  Based on your age, gender, weight, height, and activity level, a reasonable starting calorie goal for weight loss might be around 1800-2000 calories per day. This is an *estimate* and may need adjusting based on your progress. Track your weight and adjust accordingly.

**Macronutrient Ratio (Approximation):** We'll aim for a low-carb, moderate-protein, moderate-fat approach. This could look something like:

* **Protein:** 40% of total calories (approx. 100-130g)  Crucial for satiety and preserving muscle mass.
* **Fat:** 40% of total calories (approx. 80-90g)  Choose healthy fats.
* **Carbohydrates:** 20% of total calories (approx. 50-75g) Focus on non-starchy vegetables.

**Weekly Low-Carb Meal Plan (Adjust portion sizes based on your calorie needs):**


**Day 1:**

* **Breakfast (approx. 400 calories):** Scrambled eggs (3) with spinach and mushrooms, cooked in olive oil.
    * **Recipe:** Sauté spinach and mushrooms in olive oil. Whisk eggs and pour over veggies. Cook until set.
* **Lunch (approx. 500 calories):** Large salad with grilled chicken breast (100g), mixed greens, avocado (½), cherry tomatoes, and a vinaigrette dressing (olive oil and lemon juice).
* **Dinner (approx. 600 calories):** Chicken stir-fry with broccoli, cauliflower, bell peppers, and a soy sauce-based stir-fry sauce (low sodium). Serve with a small portion of quinoa or brown rice (if tolerated within carb limit).
* **Snack (approx. 200 calories):**  Handful of almonds (about 20-25) or a small avocado with a sprinkle of sea salt.


**Day 2:**

* **Breakfast (approx. 400 calories):** Greek yogurt (plain, full-fat) with berries (a small portion, be mindful of natural sugars) and a sprinkle of chia seeds.
* **Lunch (approx. 500 calories):** Leftover chicken stir-fry.
* **Dinner (approx. 600 calories):**  Ground beef and zucchini ""noodles"" (spiralized zucchini). Season with herbs and spices.
* **Snack (approx. 200 calories):** Celery sticks with almond butter (2 tbsp).


**Day 3:**

* **Breakfast (approx. 400 calories):**  Omelette with cheese and vegetables (onions, peppers).
* **Lunch (approx. 500 calories):** Salad with leftover ground beef and zucchini noodles.
* **Dinner (approx. 600 calories):** Baked salmon (if you can find a substitute due to your allergy - perhaps cod or another white fish?) with roasted asparagus and green beans.
* **Snack (approx. 200 calories):** Hard-boiled eggs (2).


**Day 4-7:** Repeat a variation of the above meals, swapping proteins (chicken, beef, turkey, eggs) and vegetables to prevent boredom.  Experiment with different spices and herbs to keep things interesting!


**Important Considerations:**

* **Hydration:** Drink plenty of water throughout the day.
* **Fiber:**  Focus on high-fiber vegetables to promote satiety and digestive health.
* **Electrolytes:**  Low-carb diets can sometimes lead to electrolyte imbalances.  Pay attention to your sodium, potassium, and magnesium intake. You might consider adding a pinch of sea salt to meals or choosing electrolyte drinks if needed.
* **Gradual Changes:** Don’t drastically cut out entire food groups at once. Make gradual changes to your diet.
* **Listen to Your Body:** Pay attention to how your body feels and adjust your plan accordingly.
* **Exercise:** Even though you're sedentary, try to incorporate some light exercise like walking into your daily routine.


This is just a starting point.  Remember to track your food intake and adjust portions to meet your individual calorie needs. Consulting a registered dietitian or nutritionist will provide personalized guidance and ensure your weight loss plan is safe and effective for you. Good luck, Alex!  You got this!
"
Alex,30,Weight Loss,Weekly weight loss diet plan,"Hey Alex!  Losing weight healthily is definitely achievable, and I'm happy to help you create a plan. Remember, consistency is key! This plan focuses on a balanced approach with roughly 1500-1600 calories per day to support weight loss while maintaining energy levels.  This is an *estimate* and your individual needs may vary, so it's always best to consult a doctor or registered dietitian for personalized advice.

**Important Note:** This is a sample plan. Adjust portion sizes based on your hunger cues and listen to your body.  Don't starve yourself!

**Weekly Weight Loss Diet Plan (1500-1600 Calories Approx.)**

This plan emphasizes whole, unprocessed foods. Feel free to swap similar options within each meal category to keep things interesting.


**Day 1:**

* **Breakfast (approx. 350 calories):** Oatmeal with berries and nuts.  (½ cup rolled oats, 1 cup berries, ¼ cup chopped nuts, ½ cup skim milk)
    * **Recipe:** Cook oats according to package directions.  Stir in berries and nuts.

* **Lunch (approx. 400 calories):**  Large Salad with grilled chicken breast. (4oz grilled chicken breast, 2 cups mixed greens, ½ avocado, ½ cup chopped veggies, 2 tbsp light vinaigrette)
    * **Recipe:** Grill chicken breast seasoned with salt and pepper. Toss greens with veggies and avocado. Top with chicken and dressing.

* **Snack (approx. 150 calories):**  Greek yogurt (plain, nonfat) with a sprinkle of cinnamon. (1 cup Greek Yogurt, ½ tsp Cinnamon)

* **Dinner (approx. 600 calories):** Baked Salmon with roasted vegetables. (4oz baked salmon, 1 cup roasted broccoli and carrots)
    * **Recipe:** Season salmon with salt, pepper, and lemon juice. Bake at 400°F (200°C) for 15-20 minutes. Roast chopped broccoli and carrots with olive oil and seasoning at the same temperature.


**Day 2:**

* **Breakfast (approx. 300 calories):** Scrambled eggs (2) with whole-wheat toast (1 slice).
    * **Recipe:** Scramble 2 eggs with a splash of milk. Toast whole wheat bread.

* **Lunch (approx. 450 calories):**  Lentil soup (1.5 cups) with a side salad (1 cup).

* **Snack (approx. 150 calories):** Apple slices with 2 tablespoons of peanut butter.

* **Dinner (approx. 550 calories):** Chicken stir-fry with brown rice (½ cup cooked brown rice). Use lots of vegetables like broccoli, peppers, and onions.


**Day 3:**

* **Breakfast (approx. 350 calories):** Smoothie with protein powder (whey or plant-based), spinach, banana, and almond milk.

* **Lunch (approx. 400 calories):** Turkey breast sandwich on whole-wheat bread with lettuce and tomato.

* **Snack (approx. 150 calories):**  Hard-boiled egg and a small handful of almonds.

* **Dinner (approx. 600 calories):** Lean ground beef and vegetable chili (1.5 cups).


**Day 4-7:**  Repeat similar meal patterns from Days 1-3, varying the protein sources (chicken, fish, turkey, beans, lentils) and vegetables to keep it interesting and ensure you're getting a variety of nutrients.


**Important Considerations:**

* **Hydration:** Drink plenty of water throughout the day.
* **Portion Control:** Be mindful of serving sizes.  Use measuring cups and a food scale initially to get a better understanding of portion sizes.
* **Exercise:**  Even though you're sedentary, incorporating some light exercise like a 30-minute walk most days of the week will significantly boost your weight loss efforts and overall health.
* **Sleep:** Aim for 7-8 hours of quality sleep each night.  Sleep deprivation can disrupt hormones that regulate appetite and metabolism.
* **Listen to your body:** Pay attention to your hunger and fullness cues.  Don't restrict yourself too much, but don't overeat either.


This is a sample plan and calorie counts are estimates.  It's crucial to track your calorie intake using a food tracking app or diary to ensure you are hitting your target calorie range.  Remember, sustainable weight loss is a marathon, not a sprint. Be patient, consistent, and celebrate your progress along the way!  If you have any concerns or experience any difficulties, consult a doctor or registered dietitian. They can provide personalized guidance and ensure your weight loss journey is safe and effective.
"
Alex,30,Weight Loss,weekly diet plan for weight loss,"Hi Alex!  It's great you're taking charge of your health and aiming for weight loss.  A balanced diet combined with a bit more activity is a fantastic approach.  Since you're sedentary, we'll focus on a calorie deficit without being overly restrictive.  This plan provides roughly 1800-1900 calories per day – a good starting point for your weight loss goals. Remember to adjust portion sizes based on your individual hunger and energy levels.  Always consult a doctor or registered dietitian before making significant dietary changes.

**Weekly Diet Plan for Weight Loss (1800-1900 Calories Approx.)**

This plan emphasizes whole, unprocessed foods. Feel free to swap similar items within the same food group (e.g., different vegetables, fruits).

**Day 1:**

* **Breakfast (approx. 400 calories):** Overnight Oats: ½ cup rolled oats, 1 cup unsweetened almond milk, 1 tbsp chia seeds, ½ cup berries, sprinkle of cinnamon.  (Instructions: Combine all ingredients in a jar and refrigerate overnight.)
* **Lunch (approx. 500 calories):** Large Salad with Grilled Chicken:  4 oz grilled chicken breast, mixed greens, ½ cup chopped vegetables (cucumber, bell pepper, carrots), 2 tbsp olive oil & vinegar dressing.
* **Snack (approx. 200 calories):** Apple slices with 2 tablespoons of peanut butter.
* **Dinner (approx. 700 calories):** Baked Salmon (4 oz) with Roasted Vegetables:  Roast broccoli, Brussels sprouts, and carrots with a drizzle of olive oil and herbs.


**Day 2:**

* **Breakfast (approx. 350 calories):** Scrambled eggs (2) with spinach and whole-wheat toast (1 slice).
* **Lunch (approx. 550 calories):** Lentil Soup (1.5 cups) with a side of whole-wheat bread (1 slice).  (Recipe: Sauté onions, carrots, and celery. Add lentils, vegetable broth, and spices (cumin, turmeric). Simmer until lentils are tender.)
* **Snack (approx. 200 calories):** Greek yogurt (plain, nonfat) with a handful of almonds.
* **Dinner (approx. 700 calories):** Chicken Stir-fry: 4 oz chicken breast, mixed vegetables (broccoli, peppers, onions), brown rice (½ cup cooked). Use low-sodium soy sauce or a light stir-fry sauce.


**Day 3:**

* **Breakfast (approx. 400 calories):** Smoothie:  1 scoop protein powder, ½ cup berries, ½ banana, ½ cup spinach, unsweetened almond milk.
* **Lunch (approx. 500 calories):** Turkey breast sandwich on whole-wheat bread with lettuce, tomato, and mustard.
* **Snack (approx. 200 calories):**  Hard-boiled egg and a small orange.
* **Dinner (approx. 700 calories):**  Lean ground beef (4 oz) and sweet potato (1 medium) with steamed green beans.


**Day 4-7:** Repeat a combination of meals from Days 1-3, varying the vegetables and protein sources to keep things interesting.


**Important Considerations:**

* **Hydration:** Drink plenty of water throughout the day. Aim for at least 8 glasses.
* **Portion Control:**  Be mindful of serving sizes. Use measuring cups and a food scale if needed.
* **Fiber:** Include plenty of fruits, vegetables, and whole grains for fiber, which aids digestion and keeps you feeling full.
* **Protein:** Aim for lean protein sources at each meal to help you feel satisfied and maintain muscle mass.
* **Healthy Fats:** Incorporate healthy fats like avocados, nuts, seeds, and olive oil in moderation.
* **Gradual Change:** Don’t make drastic changes all at once. Gradually incorporate healthier choices into your diet.
* **Activity:** Even small increases in activity, like taking the stairs or walking for 30 minutes most days, will boost your weight loss efforts.


This is a sample plan; it’s crucial to listen to your body and adjust portions as needed.  Remember consistency is key! If you're struggling, consider seeking support from a registered dietitian or nutritionist for personalized guidance. Good luck, Alex! You got this!
"
